{
	"info": {
		"_postman_id": "acb2c444-a864-4b34-a970-4d658ac4c49b",
		"name": "Libreria API",
		"schema": "https://schema.getpostman.com/json/collection/v2.1.0/collection.json",
		"_exporter_id": "33126952"
	},
	"item": [
		{
			"name": "Todos los libros",
			"request": {
				"method": "GET",
				"header": [],
				"url": {
					"raw": "http://localhost:8080/api/libros",
					"protocol": "http",
					"host": [
						"localhost"
					],
					"port": "8080",
					"path": [
						"api",
						"libros"
					]
				}
			},
			"response": []
		},
		{
			"name": "Crear libro",
			"request": {
				"method": "POST",
				"header": [],
				"body": {
					"mode": "raw",
					"raw": "{\r\n  \"titulo\": \"Cien años de soledad\",\r\n  \"isbn\": \"978-0307474728\",\r\n  \"fechaPublicacion\": \"1967-05-30\"\r\n}",
					"options": {
						"raw": {
							"language": "json"
						}
					}
				},
				"url": {
					"raw": "http://localhost:8080/api/libros",
					"protocol": "http",
					"host": [
						"localhost"
					],
					"port": "8080",
					"path": [
						"api",
						"libros"
					]
				}
			},
			"response": []
		},
		{
			"name": "Libro por ID",
			"request": {
				"method": "GET",
				"header": [],
				"url": {
					"raw": "http://localhost:8080/api/libros/1",
					"protocol": "http",
					"host": [
						"localhost"
					],
					"port": "8080",
					"path": [
						"api",
						"libros",
						"1"
					]
				}
			},
			"response": []
		},
		{
			"name": "Actualizar libro",
			"request": {
				"method": "PUT",
				"header": [],
				"body": {
					"mode": "raw",
					"raw": "{\r\n  \"titulo\": \"Cien años de soledad (Edición Especial)\",\r\n  \"isbn\": \"978-0307474728\",\r\n  \"fechaPublicacion\": \"1967-05-30\"\r\n}",
					"options": {
						"raw": {
							"language": "json"
						}
					}
				},
				"url": {
					"raw": "http://localhost:8080/api/libros/1",
					"protocol": "http",
					"host": [
						"localhost"
					],
					"port": "8080",
					"path": [
						"api",
						"libros",
						"1"
					]
				}
			},
			"response": []
		},
		{
			"name": "Eliminar libro",
			"request": {
				"method": "DELETE",
				"header": [],
				"url": {
					"raw": "http://localhost:8080/api/libros/1",
					"protocol": "http",
					"host": [
						"localhost"
					],
					"port": "8080",
					"path": [
						"api",
						"libros",
						"1"
					]
				}
			},
			"response": []
		},
		{
			"name": "Autores",
			"request": {
				"method": "POST",
				"header": [
					{
						"key": "Content-Type",
						"value": "application/json",
						"type": "text"
					}
				],
				"body": {
					"mode": "raw",
					"raw": "{\r\n  \"nombre\": \"Gabriel García Márquez\",\r\n  \"nacionalidad\": \"Colombiano\"\r\n}",
					"options": {
						"raw": {
							"language": "json"
						}
					}
				},
				"url": {
					"raw": "http://localhost:8080/api/autores",
					"protocol": "http",
					"host": [
						"localhost"
					],
					"port": "8080",
					"path": [
						"api",
						"autores"
					]
				}
			},
			"response": []
		},
		{
			"name": "Autores",
			"protocolProfileBehavior": {
				"disableBodyPruning": true
			},
			"request": {
				"method": "GET",
				"header": [
					{
						"key": "Content-Type",
						"value": "application/json",
						"type": "text"
					}
				],
				"body": {
					"mode": "raw",
					"raw": "",
					"options": {
						"raw": {
							"language": "json"
						}
					}
				},
				"url": {
					"raw": "http://localhost:8080/api/autores",
					"protocol": "http",
					"host": [
						"localhost"
					],
					"port": "8080",
					"path": [
						"api",
						"autores"
					]
				}
			},
			"response": []
		}
	]
}